speed_mps,sample,thigh_deg,knee_deg,foot_deg,pelvis_tilt_deg,pelvis_bob_mm
2.5,0,17.05,9.38,11.22,5.69,27.86
2.5,1,17.22,10.85,9.04,5.13,22.92
2.5,2,17.42,12.72,6.32,4.56,17.44
2.5,3,17.68,15.13,4.08,3.98,11.45
2.5,4,18.07,18.03,2.59,3.42,5.03
2.5,5,18.58,21.23,1.68,2.90,-1.70
2.5,6,19.10,24.53,1.11,2.43,-8.57
2.5,7,19.60,27.82,0.66,1.99,-15.36
2.5,8,20.11,31.03,0.27,1.58,-21.83
2.5,9,20.54,33.95,-0.05,1.23,-27.77
2.5,10,20.67,36.42,-0.31,1.00,-32.98
2.5,11,20.44,38.36,-0.55,0.99,-37.31
2.5,12,19.89,39.83,-0.75,1.10,-40.82
2.5,13,19.12,40.88,-0.95,1.27,-43.60
2.5,14,18.17,41.55,-1.15,1.45,-45.63
2.5,15,17.07,41.90,-1.36,1.64,-46.89
2.5,16,15.85,41.96,-1.61,1.83,-47.37
2.5,17,14.52,41.74,-1.89,2.00,-47.14
2.5,18,13.10,41.27,-2.22,2.15,-46.29
2.5,19,11.58,40.57,-2.62,2.29,-44.79
2.5,20,9.96,39.64,-3.14,2.43,-42.65
2.5,21,8.24,38.47,-3.79,2.59,-39.92
2.5,22,6.45,37.09,-4.62,2.77,-36.58
2.5,23,4.61,35.54,-5.66,2.98,-32.71
2.5,24,2.71,33.86,-6.96,3.20,-28.35
2.5,25,0.79,32.07,-8.55,3.44,-23.55
2.5,26,-1.15,30.21,-10.41,3.70,-18.45
2.5,27,-3.08,28.28,-12.55,3.98,-13.10
2.5,28,-5.00,26.30,-14.95,4.28,-7.59
2.5,29,-6.87,24.32,-17.59,4.58,-2.01
2.5,30,-8.67,22.35,-20.44,4.89,3.61
2.5,31,-10.40,20.48,-23.42,5.21,9.13
2.5,32,-12.03,18.73,-26.49,5.53,14.49
2.5,33,-13.54,17.17,-29.60,5.85,19.60
2.5,34,-14.90,15.85,-32.75,6.16,24.38
2.5,35,-16.11,14.81,-35.92,6.47,28.79
2.5,36,-17.17,14.10,-39.04,6.75,32.76
2.5,37,-18.07,13.72,-42.05,7.00,36.28
2.5,38,-18.82,13.70,-44.91,7.23,39.28
2.5,39,-19.41,14.04,-47.62,7.43,41.74
2.5,40,-19.85,14.76,-50.23,7.58,43.63
2.5,41,-20.11,15.86,-52.80,7.69,44.92
2.5,42,-20.21,17.34,-55.33,7.75,45.57
2.5,43,-20.11,19.21,-57.81,7.75,45.58
2.5,44,-19.83,21.45,-60.24,7.68,44.93
2.5,45,-19.35,24.05,-62.58,7.55,43.64
2.5,46,-18.69,26.98,-64.81,7.33,41.70
2.5,47,-17.85,30.21,-66.91,7.04,39.13
2.5,48,-16.86,33.65,-68.92,6.66,35.95
2.5,49,-15.74,37.26,-70.87,6.21,32.18
2.5,50,-14.52,40.98,-72.79,5.70,27.81
2.5,51,-13.23,44.74,-74.68,5.15,22.88
2.5,52,-11.88,48.51,-76.56,4.57,17.40
2.5,53,-10.49,52.25,-78.40,3.99,11.42
2.5,54,-9.06,55.94,-80.18,3.43,5.01
2.5,55,-7.58,59.58,-81.83,2.90,-1.69
2.5,56,-6.05,63.14,-83.32,2.42,-8.52
2.5,57,-4.47,66.61,-84.58,1.98,-15.28
2.5,58,-2.86,69.94,-85.53,1.56,-21.76
2.5,59,-1.22,73.07,-86.13,1.22,-27.70
2.5,60,0.44,75.98,-86.35,1.03,-32.92
2.5,61,2.16,78.67,-86.19,0.99,-37.27
2.5,62,3.97,81.14,-85.66,1.10,-40.81
2.5,63,5.86,83.38,-84.79,1.27,-43.60
2.5,64,7.81,85.35,-83.60,1.45,-45.64
2.5,65,9.79,87.00,-82.14,1.65,-46.91
2.5,66,11.76,88.28,-80.40,1.83,-47.41
2.5,67,13.69,89.18,-78.39,2.02,-47.19
2.5,68,15.56,89.69,-76.13,2.17,-46.31
2.5,69,17.35,89.80,-73.63,2.30,-44.79
2.5,70,19.05,89.52,-70.90,2.44,-42.61
2.5,71,20.64,88.83,-67.95,2.59,-39.87
2.5,72,22.09,87.75,-64.81,2.77,-36.54
2.5,73,23.39,86.29,-61.51,2.97,-32.66
2.5,74,24.53,84.47,-58.06,3.19,-28.28
2.5,75,25.50,82.32,-54.50,3.43,-23.49
2.5,76,26.30,79.83,-50.86,3.69,-18.38
2.5,77,26.92,77.06,-47.15,3.97,-13.03
2.5,78,27.36,74.01,-43.41,4.26,-7.52
2.5,79,27.63,70.69,-39.64,4.57,-1.90
2.5,80,27.71,67.06,-35.87,4.88,3.70
2.5,81,27.61,63.18,-32.08,5.20,9.22
2.5,82,27.33,59.09,-28.29,5.52,14.58
2.5,83,26.89,54.82,-24.49,5.83,19.67
2.5,84,26.29,50.37,-20.68,6.15,24.46
2.5,85,25.53,45.81,-16.89,6.45,28.86
2.5,86,24.65,41.20,-13.13,6.74,32.83
2.5,87,23.67,36.59,-9.45,7.00,36.34
2.5,88,22.66,32.08,-5.88,7.22,39.35
2.5,89,21.65,27.72,-2.46,7.42,41.81
2.5,90,20.71,23.58,0.76,7.57,43.70
2.5,91,19.84,19.76,3.71,7.68,44.98
2.5,92,19.07,16.33,6.35,7.74,45.63
2.5,93,18.40,13.39,8.59,7.74,45.63
2.5,94,17.84,11.01,10.40,7.67,44.99
2.5,95,17.41,9.25,11.72,7.53,43.69
2.5,96,17.11,8.12,12.56,7.32,41.75
2.5,97,16.94,7.60,12.94,7.02,39.18
2.5,98,16.88,7.66,12.88,6.65,35.99
2.5,99,16.92,8.27,12.36,6.20,32.20
3.5,0,21.03,10.26,13.73,6.06,18.96
3.5,1,21.12,11.91,11.03,5.42,13.70
3.5,2,21.24,13.94,7.72,4.79,8.00
3.5,3,21.38,16.60,4.94,4.21,1.89
3.5,4,21.63,19.84,2.98,3.70,-4.53
3.5,5,21.99,23.36,1.82,3.29,-11.12
3.5,6,22.35,27.03,1.06,3.01,-17.66
3.5,7,22.72,30.66,0.44,2.83,-23.86
3.5,8,23.07,33.99,-0.10,2.76,-29.51
3.5,9,23.16,36.83,-0.52,2.74,-34.45
3.5,10,22.80,39.10,-0.85,2.82,-38.51
3.5,11,21.97,40.78,-1.12,2.99,-41.64
3.5,12,20.81,41.93,-1.38,3.21,-43.91
3.5,13,19.42,42.63,-1.64,3.45,-45.37
3.5,14,17.83,42.91,-1.94,3.70,-46.05
3.5,15,16.09,42.81,-2.30,3.94,-45.99
3.5,16,14.21,42.39,-2.73,4.14,-45.25
3.5,17,12.22,41.66,-3.28,4.33,-43.87
3.5,18,10.14,40.68,-3.99,4.49,-41.88
3.5,19,7.96,39.47,-4.89,4.66,-39.29
3.5,20,5.71,38.04,-6.06,4.85,-36.11
3.5,21,3.39,36.39,-7.54,5.04,-32.41
3.5,22,1.02,34.56,-9.39,5.21,-28.26
3.5,23,-1.38,32.56,-11.64,5.39,-23.73
3.5,24,-3.81,30.40,-14.26,5.56,-18.86
3.5,25,-6.23,28.12,-17.23,5.75,-13.74
3.5,26,-8.62,25.76,-20.53,5.94,-8.44
3.5,27,-10.95,23.36,-24.12,6.16,-3.07
3.5,28,-13.20,20.98,-27.93,6.42,2.31
3.5,29,-15.35,18.67,-31.90,6.71,7.59
3.5,30,-17.36,16.53,-35.98,7.02,12.70
3.5,31,-19.21,14.62,-40.10,7.37,17.54
3.5,32,-20.88,13.03,-44.17,7.73,22.04
3.5,33,-22.34,11.83,-48.12,8.10,26.19
3.5,34,-23.57,11.11,-51.89,8.46,29.94
3.5,35,-24.57,10.94,-55.41,8.80,33.25
3.5,36,-25.34,11.32,-58.59,9.11,36.11
3.5,37,-25.90,12.26,-61.48,9.36,38.49
3.5,38,-26.25,13.71,-64.13,9.56,40.36
3.5,39,-26.40,15.61,-66.53,9.69,41.71
3.5,40,-26.37,17.94,-68.70,9.73,42.50
3.5,41,-26.14,20.66,-70.72,9.70,42.74
3.5,42,-25.73,23.71,-72.70,9.59,42.38
3.5,43,-25.12,27.05,-74.72,9.39,41.44
3.5,44,-24.33,30.67,-76.85,9.10,39.89
3.5,45,-23.37,34.53,-79.12,8.75,37.77
3.5,46,-22.27,38.58,-81.54,8.32,35.07
3.5,47,-21.05,42.75,-84.13,7.83,31.83
3.5,48,-19.73,46.97,-86.83,7.29,28.06
3.5,49,-18.33,51.24,-89.59,6.69,23.78
3.5,50,-16.87,55.53,-92.35,6.06,19.00
3.5,51,-15.36,59.78,-95.02,5.42,13.75
3.5,52,-13.79,63.97,-97.52,4.79,8.05
3.5,53,-12.18,68.10,-99.78,4.21,1.96
3.5,54,-10.49,72.17,-101.74,3.70,-4.43
3.5,55,-8.73,76.15,-103.34,3.29,-10.97
3.5,56,-6.89,80.02,-104.55,3.00,-17.44
3.5,57,-4.94,83.74,-105.35,2.82,-23.62
3.5,58,-2.91,87.26,-105.72,2.72,-29.30
3.5,59,-0.80,90.54,-105.67,2.72,-34.25
3.5,60,1.48,93.61,-105.19,2.83,-38.30
3.5,61,3.90,96.42,-104.28,3.01,-41.45
3.5,62,6.43,98.91,-102.95,3.22,-43.75
3.5,63,9.09,101.08,-101.22,3.45,-45.24
3.5,64,11.73,102.80,-99.11,3.72,-45.96
3.5,65,14.32,104.05,-96.66,3.95,-45.92
3.5,66,16.85,104.84,-93.90,4.16,-45.21
3.5,67,19.25,105.15,-90.88,4.35,-43.82
3.5,68,21.51,104.95,-87.60,4.51,-41.82
3.5,69,23.66,104.31,-84.10,4.66,-39.22
3.5,70,25.64,103.19,-80.38,4.84,-36.04
3.5,71,27.39,101.58,-76.48,5.02,-32.33
3.5,72,28.92,99.56,-72.42,5.19,-28.17
3.5,73,30.28,97.21,-68.25,5.36,-23.63
3.5,74,31.49,94.60,-64.01,5.54,-18.77
3.5,75,32.51,91.67,-59.72,5.72,-13.66
3.5,76,33.30,88.43,-55.41,5.92,-8.37
3.5,77,33.89,84.92,-51.10,6.15,-3.00
3.5,78,34.26,81.15,-46.78,6.41,2.36
3.5,79,34.43,77.12,-42.47,6.70,7.63
3.5,80,34.40,72.89,-38.15,7.02,12.73
3.5,81,34.18,68.47,-33.83,7.37,17.54
3.5,82,33.79,63.92,-29.48,7.73,22.05
3.5,83,33.24,59.23,-25.11,8.10,26.20
3.5,84,32.52,54.43,-20.74,8.46,29.93
3.5,85,31.66,49.53,-16.37,8.79,33.22
3.5,86,30.67,44.59,-12.07,9.10,36.07
3.5,87,29.61,39.64,-7.88,9.35,38.44
3.5,88,28.50,34.74,-3.85,9.55,40.31
3.5,89,27.40,29.95,-0.02,9.67,41.66
3.5,90,26.35,25.40,3.57,9.71,42.46
3.5,91,25.36,21.20,6.88,9.68,42.69
3.5,92,24.43,17.48,9.82,9.56,42.34
3.5,93,23.59,14.35,12.28,9.36,41.39
3.5,94,22.85,11.84,14.14,9.08,39.85
3.5,95,22.22,9.98,15.39,8.72,37.73
3.5,96,21.72,8.76,16.04,8.30,35.03
3.5,97,21.35,8.19,16.18,7.82,31.79
3.5,98,21.11,8.28,15.85,7.27,28.02
3.5,99,21.00,9.00,15.07,6.68,23.75
4.5,0,24.90,11.78,14.86,6.00,13.84
4.5,1,24.78,13.26,11.99,5.37,9.14
4.5,2,24.71,15.09,8.39,4.78,4.08
4.5,3,24.64,17.47,5.33,4.25,-1.27
4.5,4,24.58,20.46,3.19,3.83,-6.86
4.5,5,24.58,23.81,1.92,3.55,-12.54
4.5,6,24.65,27.48,1.14,3.46,-18.12
4.5,7,24.81,31.26,0.38,3.54,-23.29
4.5,8,24.99,34.64,-0.35,3.73,-27.88
4.5,9,24.88,37.48,-0.93,3.92,-31.70
4.5,10,24.24,39.77,-1.36,4.11,-34.77
4.5,11,23.12,41.46,-1.73,4.29,-37.02
4.5,12,21.61,42.60,-2.08,4.49,-38.57
4.5,13,19.81,43.24,-2.46,4.71,-39.39
4.5,14,17.78,43.44,-2.91,4.96,-39.52
4.5,15,15.58,43.20,-3.45,5.18,-39.07
4.5,16,13.26,42.59,-4.12,5.40,-38.06
4.5,17,10.82,41.67,-4.98,5.59,-36.50
4.5,18,8.26,40.45,-6.09,5.74,-34.38
4.5,19,5.61,38.97,-7.54,5.85,-31.71
4.5,20,2.89,37.25,-9.38,5.97,-28.66
4.5,21,0.14,35.34,-11.67,6.08,-25.20
4.5,22,-2.63,33.23,-14.40,6.17,-21.41
4.5,23,-5.42,30.92,-17.55,6.26,-17.34
4.5,24,-8.21,28.45,-21.13,6.36,-13.06
4.5,25,-10.97,25.84,-25.08,6.48,-8.63
4.5,26,-13.69,23.14,-29.33,6.63,-4.12
4.5,27,-16.32,20.42,-33.86,6.83,0.39
4.5,28,-18.84,17.76,-38.59,7.09,4.84
4.5,29,-21.20,15.30,-43.45,7.42,9.13
4.5,30,-23.35,13.15,-48.30,7.81,13.23
4.5,31,-25.26,11.47,-53.01,8.24,17.08
4.5,32,-26.88,10.36,-57.43,8.70,20.64
4.5,33,-28.20,9.95,-61.43,9.16,23.89
4.5,34,-29.21,10.31,-65.01,9.60,26.81
4.5,35,-29.92,11.37,-68.21,9.99,29.40
4.5,36,-30.36,13.08,-71.02,10.32,31.64
4.5,37,-30.56,15.37,-73.51,10.57,33.48
4.5,38,-30.55,18.09,-75.81,10.72,34.92
4.5,39,-30.32,21.17,-78.03,10.77,35.91
4.5,40,-29.92,24.56,-80.29,10.72,36.43
4.5,41,-29.35,28.21,-82.67,10.57,36.46
4.5,42,-28.63,32.09,-85.22,10.32,35.96
4.5,43,-27.76,36.16,-87.96,9.98,34.94
4.5,44,-26.76,40.38,-90.86,9.55,33.39
4.5,45,-25.64,44.73,-93.90,9.06,31.31
4.5,46,-24.42,49.16,-97.04,8.52,28.74
4.5,47,-23.10,53.64,-100.21,7.93,25.69
4.5,48,-21.69,58.13,-103.33,7.31,22.19
4.5,49,-20.20,62.63,-106.33,6.68,18.25
4.5,50,-18.65,67.07,-109.13,6.03,13.92
4.5,51,-17.03,71.45,-111.64,5.40,9.20
4.5,52,-15.34,75.73,-113.84,4.81,4.15
4.5,53,-13.57,79.93,-115.68,4.29,-1.18
4.5,54,-11.71,84.05,-117.15,3.85,-6.70
4.5,55,-9.73,88.06,-118.26,3.56,-12.34
4.5,56,-7.55,92.06,-118.98,3.45,-17.86
4.5,57,-5.11,96.01,-119.31,3.50,-23.01
4.5,58,-2.38,99.92,-119.23,3.67,-27.60
4.5,59,0.56,103.65,-118.69,3.91,-31.48
4.5,60,3.59,106.97,-117.66,4.15,-34.59
4.5,61,6.62,109.77,-116.12,4.35,-36.92
4.5,62,9.73,112.14,-114.08,4.52,-38.52
4.5,63,12.82,114.07,-111.56,4.73,-39.40
4.5,64,15.90,115.50,-108.62,4.96,-39.61
4.5,65,18.99,116.45,-105.30,5.16,-39.11
4.5,66,21.93,116.84,-101.66,5.38,-38.11
4.5,67,24.70,116.67,-97.77,5.57,-36.54
4.5,68,27.30,116.00,-93.65,5.73,-34.44
4.5,69,29.61,114.73,-89.35,5.86,-31.80
4.5,70,31.67,112.97,-84.89,5.97,-28.75
4.5,71,33.63,110.89,-80.32,6.06,-25.31
4.5,72,35.41,108.49,-75.65,6.14,-21.51
4.5,73,36.92,105.71,-70.94,6.23,-17.44
4.5,74,38.12,102.52,-66.23,6.32,-13.17
4.5,75,39.00,98.96,-61.52,6.45,-8.77
4.5,76,39.73,95.21,-56.82,6.61,-4.28
4.5,77,40.34,91.31,-52.14,6.82,0.19
4.5,78,40.75,87.23,-47.48,7.10,4.60
4.5,79,40.93,82.93,-42.83,7.43,8.87
4.5,80,40.90,78.45,-38.18,7.82,12.94
4.5,81,40.69,73.84,-33.51,8.24,16.76
4.5,82,40.31,69.12,-28.81,8.69,20.30
4.5,83,39.77,64.29,-24.09,9.14,23.54
4.5,84,39.07,59.36,-19.38,9.57,26.46
4.5,85,38.22,54.33,-14.72,9.95,29.04
4.5,86,37.24,49.21,-10.17,10.27,31.26
4.5,87,36.15,44.04,-5.77,10.51,33.11
4.5,88,35.00,38.88,-1.57,10.65,34.56
4.5,89,33.82,33.86,2.41,10.70,35.57
4.5,90,32.62,29.07,6.13,10.65,36.12
4.5,91,31.44,24.65,9.51,10.50,36.17
4.5,92,30.29,20.75,12.43,10.25,35.72
4.5,93,29.21,17.43,14.78,9.91,34.71
4.5,94,28.23,14.71,16.49,9.50,33.18
4.5,95,27.34,12.57,17.54,9.01,31.12
4.5,96,26.58,11.09,18.00,8.47,28.56
4.5,97,25.95,10.31,17.93,7.89,25.52
4.5,98,25.47,10.23,17.38,7.27,22.02
4.5,99,25.14,10.77,16.37,6.64,18.11
