frame,time_s,event,hip_deg,knee_deg,ankle_deg,hip_marker_y,hat_vx,thigh_deg,hat_deg,foot_deg
1,0.000,TOR,-2.4,46.7,-15.2,0.787,1.377,82.7,85.1,85.6
2,0.014,,-0.2,52.1,-16.4,0.7875,1.379,85.5,85.7,82.2
3,0.029,,2.3,56.9,-16.5,0.7889,1.357,88.6,86.2,80.5
4,0.043,,5.2,61.0,-15.6,0.7914,1.319,91.8,86.6,80.5
5,0.057,,8.2,64.1,-13.9,0.7948,1.275,95.1,86.8,82.1
6,0.072,,11.3,66.2,-11.7,0.7991,1.234,98.3,87.0,85.0
7,0.086,,14.2,67.3,-9.3,0.8039,1.203,101.4,87.3,89.1
8,0.100,,16.8,67.3,-6.9,0.8089,1.187,104.3,87.6,93.9
9,0.114,,19.0,66.4,-4.8,0.8139,1.182,106.9,88.0,99.2
10,0.129,,20.8,64.6,-3.0,0.8185,1.183,109.2,88.4,104.9
11,0.143,,22.2,62.0,-1.7,0.8226,1.184,111.2,88.9,110.6
12,0.157,,23.3,58.7,-0.7,0.8259,1.184,112.8,89.5,116.3
13,0.172,,23.8,54.8,-0.1,0.8283,1.186,114.0,90.2,122.1
14,0.186,,24.1,50.3,0.3,0.8298,1.19,114.9,90.9,127.7
15,0.200,,24.0,45.4,0.6,0.8302,1.201,115.6,91.6,133.3
16,0.215,,23.7,40.1,0.7,0.8298,1.223,115.9,92.2,138.8
17,0.229,,23.1,34.5,0.9,0.8283,1.257,115.9,92.8,144.3
18,0.243,,22.4,28.7,1.0,0.826,1.3,115.7,93.3,149.8
19,0.257,,21.5,22.8,1.1,0.8228,1.349,115.2,93.7,155.2
20,0.272,,20.5,16.9,1.3,0.8189,1.397,114.6,94.1,160.4
21,0.286,,19.4,11.5,1.6,0.8147,1.438,113.7,94.3,165.2
22,0.300,,18.3,6.7,1.9,0.8105,1.468,112.9,94.6,169.3
23,0.315,,17.2,2.7,2.2,0.8067,1.486,112.1,94.8,172.6
24,0.329,,16.2,-0.1,2.5,0.8033,1.495,111.3,95.1,174.8
25,0.343,,15.2,-1.8,2.5,0.8005,1.504,110.8,95.5,175.8
26,0.357,,14.3,-2.3,2.1,0.7983,1.521,110.3,96.0,175.5
27,0.372,,13.6,-1.8,1.2,0.7967,1.548,110.0,96.4,174.1
28,0.386,HCR,12.8,-0.6,-0.4,0.7959,1.578,109.6,96.8,171.7
29,0.400,,12.2,1.1,-2.5,0.7959,1.602,109.3,97.1,168.4
30,0.415,,11.7,3.0,-4.7,0.797,1.616,109.0,97.2,164.6
31,0.429,,11.4,5.1,-6.5,0.7991,1.617,108.6,97.3,160.6
32,0.443,,11.2,7.4,-7.6,0.8023,1.606,108.4,97.1,157.0
33,0.458,,11.3,9.8,-7.8,0.806,1.587,108.2,96.9,154.0
34,0.472,,11.5,12.1,-7.2,0.81,1.56,107.9,96.4,151.9
35,0.486,,11.6,14.0,-6.0,0.8139,1.53,107.6,96.0,150.6
36,0.500,,11.4,15.4,-4.6,0.8173,1.5,106.9,95.5,149.9
37,0.515,,10.8,16.2,-3.1,0.8205,1.47,105.9,95.0,149.7
38,0.529,,9.8,16.3,-1.8,0.8234,1.439,104.5,94.7,149.7
39,0.543,,8.6,15.9,-0.6,0.826,1.409,102.9,94.3,149.7
40,0.558,,7.2,15.2,0.4,0.8282,1.384,101.2,94.0,149.6
41,0.572,,5.8,14.2,1.2,0.83,1.366,99.3,93.6,149.5
42,0.586,,4.5,13.2,2.1,0.8314,1.356,97.6,93.0,149.3
43,0.601,,3.5,12.3,2.8,0.8325,1.354,95.9,92.4,149.0
44,0.615,,2.7,11.4,3.4,0.8333,1.357,94.3,91.6,148.6
45,0.629,,2.0,10.7,3.9,0.8335,1.366,92.8,90.8,148.0
46,0.643,,1.5,10.1,4.2,0.833,1.378,91.4,89.9,147.2
47,0.658,,1.1,9.4,4.6,0.8318,1.392,90.0,88.9,146.5
48,0.672,,0.8,8.8,4.9,0.83,1.407,88.7,87.9,145.8
49,0.686,,0.4,8.2,5.3,0.8279,1.422,87.4,87.0,145.2
50,0.701,,0.0,7.6,5.9,0.8255,1.435,86.0,86.0,144.7
51,0.715,,-0.5,7.0,6.4,0.823,1.445,84.6,85.1,144.2
52,0.729,,-1.2,6.4,6.7,0.8204,1.452,83.1,84.3,143.7
53,0.744,,-1.8,5.9,6.9,0.8178,1.46,81.7,83.5,143.1
54,0.758,,-2.5,5.4,6.9,0.8151,1.472,80.2,82.7,142.4
55,0.772,,-3.1,5.2,6.9,0.8127,1.487,78.8,81.9,141.6
56,0.786,,-3.7,5.1,6.8,0.8103,1.497,77.5,81.2,140.6
57,0.801,,-4.2,5.5,6.8,0.8081,1.499,76.3,80.5,139.2
58,0.815,,-4.6,6.2,6.8,0.8059,1.497,75.3,79.9,137.4
59,0.829,,-4.9,7.3,6.5,0.8038,1.499,74.5,79.4,135.1
60,0.844,,-5.2,8.9,5.9,0.8018,1.513,73.8,79.1,132.2
61,0.858,,-5.6,10.9,4.8,0.7998,1.544,73.4,78.9,128.6
62,0.872,,-5.9,13.3,3.2,0.7977,1.587,73.1,79.0,124.5
63,0.887,,-6.1,16.2,1.2,0.7955,1.633,73.1,79.2,119.7
64,0.901,,-6.2,19.6,-1.4,0.7933,1.663,73.4,79.7,114.4
65,0.915,,-6.2,23.5,-4.4,0.7911,1.658,74.1,80.3,108.6
66,0.929,,-6.0,27.8,-8.0,0.7891,1.608,75.0,81.1,102.4
67,0.944,,-5.7,32.4,-11.8,0.7873,1.523,76.4,82.0,96.0
68,0.958,,-5.0,37.4,-15.4,0.7859,1.428,78.1,83.1,89.8
69,0.972,,-4.0,42.5,-18.3,0.7851,1.345,80.2,84.1,84.4
70,0.987,TOR,-2.5,47.6,-20.1,0.7851,1.283,82.5,85.0,80.1
71,1.001,,-0.5,52.4,-20.5,0.7861,1.239,85.2,85.8,77.5
72,1.015,,1.8,56.7,-19.8,0.788,1.21,88.2,86.3,76.7
73,1.030,,4.5,60.4,-18.2,0.7909,1.194,91.3,86.8,77.6
74,1.044,,7.3,63.4,-16.2,0.7947,1.185,94.5,87.1,79.9
75,1.058,,10.2,65.4,-14.0,0.7991,1.181,97.7,87.4,83.3
76,1.072,,12.9,66.5,-11.8,0.8042,1.178,100.7,87.8,87.5
77,1.087,,15.3,66.6,-9.9,0.8096,1.177,103.6,88.2,92.1
78,1.101,,17.3,65.7,-8.1,0.8149,1.178,106.1,88.8,97.1
79,1.115,,18.9,63.9,-6.5,0.8198,1.184,108.3,89.4,102.4
80,1.130,,20.1,61.3,-5.2,0.8238,1.195,110.1,90.1,107.8
81,1.144,,20.9,58.0,-4.1,0.8268,1.212,111.7,90.8,113.3
82,1.158,,21.6,54.2,-3.2,0.8287,1.231,113.0,91.4,118.8
83,1.173,,22.1,49.9,-2.5,0.8297,1.247,114.0,92.0,124.5
84,1.187,,22.4,45.2,-2.0,0.8296,1.259,114.9,92.5,130.3
85,1.201,,22.6,40.0,-1.6,0.8287,1.27,115.4,92.9,136.1
86,1.215,,22.5,34.5,-1.3,0.827,1.283,115.7,93.2,141.9
87,1.230,,22.2,28.6,-1.1,0.8244,1.299,115.7,93.5,147.6
88,1.244,,21.6,22.6,-0.8,0.821,1.319,115.4,93.8,153.3
89,1.258,,20.7,16.5,-0.4,0.8169,1.341,114.8,94.1,159.0
90,1.273,,19.6,10.9,0.1,0.8124,1.362,114.0,94.4,164.4
91,1.287,,18.3,5.8,0.7,0.8078,1.383,113.2,94.9,169.2
92,1.301,,17.1,1.8,1.3,0.8033,1.406,112.4,95.3,173.2
93,1.316,,15.9,-1.1,1.7,0.7992,1.431,111.7,95.8,175.9
94,1.330,,14.9,-2.6,1.7,0.7957,1.457,111.3,96.3,177.4
95,1.344,,14.0,-3.0,1.2,0.793,1.486,110.9,96.9,177.5
96,1.358,,13.1,-2.3,0.0,0.7913,1.517,110.8,97.6,176.1
97,1.373,HCR,12.3,-0.8,-1.8,0.7908,1.551,110.6,98.3,173.5
98,1.387,,11.6,1.1,-4.1,0.7913,1.578,110.5,98.9,169.7
99,1.401,,11.1,3.4,-6.4,0.7929,1.593,110.4,99.3,165.5
100,1.416,,10.7,5.9,-8.0,0.7955,1.594,110.3,99.6,161.2
101,1.430,,10.5,8.5,-8.9,0.7989,1.582,110.2,99.7,157.4
102,1.444,,10.4,11.0,-8.8,0.8029,1.56,110.0,99.6,154.3
103,1.459,,10.2,13.3,-8.0,0.8069,1.528,109.6,99.4,152.1
104,1.473,,9.9,15.1,-6.7,0.8108,1.481,109.0,99.1,150.6
105,1.487,,9.4,16.3,-5.2,0.8142,1.41,108.1,98.8,149.7
106,1.501,,8.5,16.9,-3.7,0.8171,1.308,107.0,98.4,149.3
